epoch,time,train/box_loss,train/cls_loss,train/dfl_loss,metrics/precision(B),metrics/recall(B),metrics/mAP50(B),metrics/mAP50-95(B),val/box_loss,val/cls_loss,val/dfl_loss,lr/pg0,lr/pg1,lr/pg2
1,138.118,3.52511,5.10729,3.72368,0.06319,0.07428,0.0176,0.00461,3.2099,3.91035,3.38976,0.000332094,0.000332094,0.000332094
2,252.399,2.4344,3.07598,2.49242,0.46073,0.44249,0.40792,0.18826,1.95897,2.06938,1.9701,0.000663232,0.000663232,0.000663232
3,366,2.07339,2.28984,2.10325,0.57947,0.58139,0.57731,0.26742,1.89562,1.73388,1.84116,0.000992169,0.000992169,0.000992169
4,479.257,1.85421,1.91218,1.87832,0.63983,0.63703,0.65155,0.33503,1.66251,1.69308,1.63866,0.0009901,0.0009901,0.0009901
5,592.568,1.72052,1.65135,1.73998,0.63878,0.6372,0.70157,0.37705,1.59547,1.52792,1.53275,0.0009868,0.0009868,0.0009868
6,705.984,1.65589,1.51941,1.66685,0.81744,0.71392,0.80362,0.4548,1.52304,1.25918,1.48446,0.0009835,0.0009835,0.0009835
7,818.972,1.5897,1.38161,1.60552,0.79585,0.73982,0.82488,0.4619,1.47421,1.17859,1.44578,0.0009802,0.0009802,0.0009802
8,932.871,1.55681,1.34813,1.57875,0.84006,0.75674,0.84478,0.46356,1.54919,1.16855,1.47983,0.0009769,0.0009769,0.0009769
9,1046.32,1.5084,1.24085,1.53167,0.82701,0.78576,0.87286,0.49795,1.41902,1.08206,1.39719,0.0009736,0.0009736,0.0009736
10,1159.66,1.46859,1.21457,1.52087,0.7892,0.75892,0.83797,0.46931,1.52145,1.15749,1.47409,0.0009703,0.0009703,0.0009703
11,1273.22,1.43216,1.14913,1.47252,0.89226,0.79336,0.89509,0.52616,1.3965,0.97789,1.38046,0.000967,0.000967,0.000967
12,1386.59,1.41215,1.11161,1.45881,0.84983,0.80722,0.88785,0.5223,1.38614,1.00298,1.36005,0.0009637,0.0009637,0.0009637
13,1499.68,1.40169,1.09502,1.44661,0.89413,0.84075,0.91448,0.55968,1.35317,0.88858,1.33641,0.0009604,0.0009604,0.0009604
14,1613.05,1.38321,1.05537,1.43424,0.88912,0.83892,0.91039,0.55001,1.39911,0.89135,1.36232,0.0009571,0.0009571,0.0009571
15,1725.99,1.37024,1.03206,1.42352,0.86806,0.86072,0.91294,0.5588,1.3512,0.90904,1.33993,0.0009538,0.0009538,0.0009538
16,1838.91,1.35429,1.01586,1.41825,0.88906,0.87213,0.92795,0.56339,1.4154,0.88064,1.39575,0.0009505,0.0009505,0.0009505
17,1952.2,1.33775,0.98727,1.38874,0.9101,0.86131,0.92737,0.5614,1.37679,0.84476,1.36453,0.0009472,0.0009472,0.0009472
18,2065.78,1.32048,0.96824,1.37987,0.91316,0.84544,0.92541,0.55619,1.35528,0.8667,1.34587,0.0009439,0.0009439,0.0009439
19,2179.34,1.31187,0.93872,1.37735,0.89752,0.83681,0.91753,0.56134,1.37411,0.86923,1.35213,0.0009406,0.0009406,0.0009406
20,2292.61,1.30513,0.92205,1.38103,0.89928,0.85487,0.92685,0.54856,1.38243,0.85129,1.38934,0.0009373,0.0009373,0.0009373
21,2406.01,1.28895,0.9185,1.36775,0.83391,0.87319,0.90995,0.55041,1.39351,0.95416,1.38639,0.000934,0.000934,0.000934
22,2519.39,1.27705,0.90706,1.3571,0.88236,0.87827,0.92908,0.57653,1.32256,0.81586,1.32714,0.0009307,0.0009307,0.0009307
23,2632.65,1.26691,0.88988,1.34452,0.84694,0.80847,0.90615,0.55862,1.30484,0.92409,1.32292,0.0009274,0.0009274,0.0009274
24,2745.97,1.27298,0.88886,1.34976,0.90657,0.86965,0.93241,0.58618,1.31592,0.81562,1.33256,0.0009241,0.0009241,0.0009241
25,2859.05,1.24961,0.87112,1.33665,0.91341,0.86922,0.932,0.56459,1.35505,0.80444,1.34765,0.0009208,0.0009208,0.0009208
26,2972.03,1.24651,0.86624,1.32552,0.89225,0.8774,0.93193,0.58168,1.32463,0.79934,1.32183,0.0009175,0.0009175,0.0009175
27,3085.28,1.25063,0.86152,1.32201,0.93229,0.86863,0.94241,0.58522,1.28756,0.78991,1.28793,0.0009142,0.0009142,0.0009142
28,3198.47,1.22583,0.82792,1.31713,0.90709,0.89074,0.9404,0.59067,1.28973,0.76417,1.31374,0.0009109,0.0009109,0.0009109
29,3311.5,1.23267,0.82604,1.31738,0.89557,0.87891,0.93524,0.57625,1.31743,0.77279,1.31255,0.0009076,0.0009076,0.0009076
30,3424.68,1.23552,0.82112,1.32741,0.90181,0.89824,0.94433,0.59911,1.30165,0.74046,1.30886,0.0009043,0.0009043,0.0009043
31,3537.86,1.21751,0.81713,1.30939,0.91366,0.89737,0.9389,0.59153,1.30473,0.75987,1.31806,0.000901,0.000901,0.000901
32,3651.02,1.21612,0.8012,1.29999,0.92385,0.87761,0.94566,0.59644,1.26486,0.73913,1.27395,0.0008977,0.0008977,0.0008977
33,3764.59,1.1948,0.7852,1.2932,0.92217,0.90701,0.9493,0.59218,1.31215,0.74221,1.32781,0.0008944,0.0008944,0.0008944
34,3877.91,1.20533,0.81092,1.30006,0.92545,0.90378,0.9502,0.60246,1.2998,0.70718,1.31002,0.0008911,0.0008911,0.0008911
35,3991.12,1.20546,0.80258,1.30496,0.93308,0.87188,0.9339,0.58528,1.26352,0.74385,1.28052,0.0008878,0.0008878,0.0008878
36,4104.3,1.19612,0.78591,1.2877,0.90852,0.886,0.93746,0.5794,1.33555,0.74154,1.319,0.0008845,0.0008845,0.0008845
37,4217.56,1.1848,0.78963,1.28851,0.91182,0.89584,0.94572,0.58931,1.30405,0.73618,1.31517,0.0008812,0.0008812,0.0008812
38,4331.17,1.20986,0.79347,1.30677,0.91904,0.88901,0.95091,0.60749,1.28459,0.72914,1.31039,0.0008779,0.0008779,0.0008779
39,4444.53,1.17108,0.77087,1.28145,0.91514,0.89142,0.9412,0.6013,1.30711,0.74827,1.32006,0.0008746,0.0008746,0.0008746
40,4557.78,1.18278,0.76379,1.28715,0.9367,0.89424,0.95139,0.61034,1.28686,0.70135,1.29204,0.0008713,0.0008713,0.0008713
41,4671.02,1.15888,0.75793,1.2766,0.92203,0.89644,0.95026,0.60422,1.30724,0.71226,1.31678,0.000868,0.000868,0.000868
42,4784.06,1.14611,0.75014,1.26571,0.93243,0.90438,0.95827,0.60555,1.31131,0.68597,1.32435,0.0008647,0.0008647,0.0008647
43,4897.9,1.12815,0.71992,1.25351,0.92753,0.91825,0.96045,0.62308,1.2571,0.69058,1.29042,0.0008614,0.0008614,0.0008614
44,5011,1.1391,0.73275,1.25826,0.90176,0.91907,0.94843,0.60973,1.28539,0.70431,1.30973,0.0008581,0.0008581,0.0008581
45,5123.99,1.1446,0.73007,1.25977,0.92465,0.90766,0.95217,0.60082,1.28303,0.69597,1.30928,0.0008548,0.0008548,0.0008548
46,5236.9,1.14802,0.72889,1.25562,0.93164,0.90671,0.95858,0.61354,1.26537,0.70391,1.29589,0.0008515,0.0008515,0.0008515
47,5350.42,1.13593,0.73828,1.2591,0.92738,0.92667,0.95941,0.62074,1.25786,0.6833,1.29808,0.0008482,0.0008482,0.0008482
48,5463.7,1.14502,0.73796,1.26276,0.94687,0.91428,0.96034,0.60717,1.28678,0.6748,1.3043,0.0008449,0.0008449,0.0008449
49,5577.1,1.13211,0.71815,1.25339,0.92931,0.91496,0.94753,0.61756,1.24807,0.66475,1.28155,0.0008416,0.0008416,0.0008416
50,5690.35,1.1536,0.71897,1.26369,0.94078,0.92195,0.9603,0.61788,1.25818,0.66035,1.28381,0.0008383,0.0008383,0.0008383
51,5803.98,1.11992,0.70278,1.25703,0.92258,0.93094,0.95612,0.61656,1.25855,0.68084,1.28768,0.000835,0.000835,0.000835
52,5917.22,1.11125,0.69994,1.24146,0.94803,0.92711,0.96027,0.61666,1.26879,0.65477,1.29326,0.0008317,0.0008317,0.0008317
53,6030.36,1.10814,0.70026,1.22985,0.90102,0.90375,0.95053,0.60928,1.22805,0.70811,1.27261,0.0008284,0.0008284,0.0008284
54,6143.39,1.09012,0.68988,1.22205,0.93968,0.93142,0.96383,0.63972,1.21511,0.64376,1.25448,0.0008251,0.0008251,0.0008251
55,6256.57,1.10922,0.69393,1.23772,0.94794,0.92092,0.96445,0.62801,1.23563,0.65465,1.27291,0.0008218,0.0008218,0.0008218
56,6369.75,1.08781,0.68294,1.21758,0.91493,0.8983,0.94908,0.62353,1.23401,0.68729,1.26286,0.0008185,0.0008185,0.0008185
57,6483.03,1.09714,0.67441,1.22751,0.94351,0.92198,0.96129,0.61991,1.24243,0.64722,1.26748,0.0008152,0.0008152,0.0008152
58,6596.6,1.09252,0.67353,1.22306,0.92518,0.90256,0.95252,0.63558,1.19765,0.67222,1.23408,0.0008119,0.0008119,0.0008119
59,6709.87,1.08839,0.67333,1.22264,0.94673,0.92042,0.95981,0.63643,1.22395,0.63447,1.24768,0.0008086,0.0008086,0.0008086
60,6822.95,1.10443,0.68323,1.23573,0.92254,0.92168,0.96013,0.61809,1.27813,0.65724,1.31383,0.0008053,0.0008053,0.0008053
61,6936.06,1.09977,0.67529,1.22362,0.94541,0.92242,0.96438,0.63085,1.22839,0.64039,1.27308,0.000802,0.000802,0.000802
62,7049.67,1.0841,0.65142,1.21733,0.94332,0.93609,0.96546,0.63915,1.22271,0.61544,1.24577,0.0007987,0.0007987,0.0007987
63,7162.83,1.07651,0.64454,1.2055,0.92871,0.92663,0.95937,0.61033,1.2976,0.64216,1.31419,0.0007954,0.0007954,0.0007954
64,7276.27,1.0909,0.68216,1.21905,0.93711,0.912,0.95733,0.62442,1.22682,0.64892,1.26175,0.0007921,0.0007921,0.0007921
65,7389.79,1.07213,0.65993,1.20945,0.93713,0.93513,0.967,0.63621,1.22632,0.6173,1.27206,0.0007888,0.0007888,0.0007888
66,7503.08,1.06432,0.64775,1.21208,0.93594,0.91422,0.95397,0.61336,1.26705,0.66117,1.3139,0.0007855,0.0007855,0.0007855
67,7616.52,1.06515,0.65112,1.21172,0.94928,0.92977,0.96267,0.63109,1.21431,0.617,1.25556,0.0007822,0.0007822,0.0007822
68,7730.13,1.05921,0.65441,1.19675,0.93584,0.91744,0.95907,0.63817,1.20091,0.61148,1.25077,0.0007789,0.0007789,0.0007789
69,7843.6,1.07128,0.64829,1.19777,0.93445,0.93494,0.96095,0.63905,1.21028,0.62409,1.25722,0.0007756,0.0007756,0.0007756
70,7956.92,1.08365,0.64984,1.20893,0.94049,0.9332,0.96487,0.60619,1.27287,0.63653,1.30496,0.0007723,0.0007723,0.0007723
71,8070.29,1.05458,0.63462,1.19298,0.94964,0.92417,0.96793,0.63712,1.23175,0.61416,1.28207,0.000769,0.000769,0.000769
72,8183.66,1.0639,0.65428,1.20372,0.93491,0.93465,0.96315,0.62005,1.24472,0.62481,1.30679,0.0007657,0.0007657,0.0007657
73,8296.92,1.06125,0.64135,1.19754,0.92458,0.92996,0.95899,0.62287,1.25184,0.6286,1.29094,0.0007624,0.0007624,0.0007624
74,8410.53,1.05433,0.63692,1.20012,0.92809,0.91725,0.96032,0.62983,1.21558,0.63883,1.25557,0.0007591,0.0007591,0.0007591
75,8524.1,1.03996,0.62371,1.19128,0.93131,0.91384,0.95599,0.62127,1.26308,0.64206,1.31113,0.0007558,0.0007558,0.0007558
76,8637.43,1.04319,0.62705,1.18928,0.93851,0.9317,0.96302,0.63306,1.24581,0.62211,1.30185,0.0007525,0.0007525,0.0007525
77,8750.64,1.05395,0.64416,1.20488,0.94205,0.93633,0.9644,0.64933,1.17813,0.60682,1.24109,0.0007492,0.0007492,0.0007492
78,8863.92,1.04611,0.62229,1.19222,0.9417,0.94284,0.96923,0.63723,1.20387,0.60739,1.26142,0.0007459,0.0007459,0.0007459
79,8977.28,1.03318,0.62274,1.17631,0.94908,0.93343,0.96602,0.62364,1.23957,0.60875,1.28674,0.0007426,0.0007426,0.0007426
80,9090.55,1.03263,0.63123,1.1826,0.9468,0.93787,0.97006,0.63469,1.21848,0.59487,1.26281,0.0007393,0.0007393,0.0007393
81,9204.11,1.04554,0.62828,1.1905,0.9607,0.933,0.9667,0.63962,1.20431,0.59982,1.25532,0.000736,0.000736,0.000736
82,9317.52,1.01942,0.60225,1.17362,0.93655,0.93436,0.96343,0.63264,1.21406,0.61068,1.2763,0.0007327,0.0007327,0.0007327
83,9431,1.02702,0.61278,1.18334,0.94919,0.94035,0.96907,0.64835,1.18783,0.58768,1.24454,0.0007294,0.0007294,0.0007294
84,9544.39,1.04811,0.6241,1.19077,0.94542,0.94749,0.96775,0.64624,1.18425,0.58523,1.2337,0.0007261,0.0007261,0.0007261
85,9657.75,1.0388,0.61787,1.18037,0.94087,0.92039,0.96582,0.64663,1.18344,0.5942,1.22231,0.0007228,0.0007228,0.0007228
86,9770.89,1.01834,0.60876,1.17026,0.94556,0.9342,0.96505,0.63686,1.22141,0.60683,1.2877,0.0007195,0.0007195,0.0007195
87,9884.21,1.0184,0.61359,1.17652,0.95269,0.93551,0.96824,0.64393,1.19843,0.59588,1.24504,0.0007162,0.0007162,0.0007162
88,9997.48,1.0273,0.61023,1.17672,0.92748,0.94396,0.95978,0.61573,1.28991,0.6309,1.33203,0.0007129,0.0007129,0.0007129
89,10110.7,1.01607,0.6037,1.17162,0.94069,0.92663,0.96037,0.63223,1.23591,0.59959,1.28571,0.0007096,0.0007096,0.0007096
90,10224.2,1.01496,0.60858,1.1796,0.95211,0.93768,0.96968,0.63775,1.24596,0.58762,1.29292,0.0007063,0.0007063,0.0007063
91,10337.9,1.00851,0.59395,1.17042,0.95647,0.94108,0.96799,0.63347,1.22837,0.59241,1.28989,0.000703,0.000703,0.000703
92,10451.2,1.01851,0.60536,1.18155,0.95449,0.94658,0.9689,0.64238,1.21459,0.58272,1.2769,0.0006997,0.0006997,0.0006997
93,10564.6,1.0026,0.59656,1.15308,0.93375,0.93744,0.96365,0.63247,1.2311,0.61025,1.28683,0.0006964,0.0006964,0.0006964
94,10678,0.99102,0.58224,1.15669,0.95409,0.94173,0.96929,0.64356,1.2076,0.58167,1.26546,0.0006931,0.0006931,0.0006931
95,10791.3,0.98915,0.58341,1.15527,0.95048,0.94201,0.96928,0.64844,1.17993,0.58683,1.23888,0.0006898,0.0006898,0.0006898
96,10904.6,1.01147,0.60375,1.16474,0.96106,0.93349,0.96986,0.63887,1.22264,0.58842,1.27726,0.0006865,0.0006865,0.0006865
97,11018,1.00388,0.59885,1.16375,0.95793,0.92833,0.96878,0.63449,1.23775,0.59567,1.30254,0.0006832,0.0006832,0.0006832
98,11131.3,0.99826,0.59571,1.1635,0.9356,0.94003,0.96451,0.62515,1.24644,0.61241,1.28888,0.0006799,0.0006799,0.0006799
99,11244.4,0.97965,0.57532,1.15014,0.96232,0.93539,0.96915,0.65273,1.20648,0.5819,1.254,0.0006766,0.0006766,0.0006766
100,11358.1,0.98866,0.58402,1.14115,0.95423,0.93887,0.9692,0.63997,1.2121,0.58593,1.2798,0.0006733,0.0006733,0.0006733
101,11471.4,0.99139,0.57461,1.14893,0.96359,0.94318,0.97234,0.65023,1.18768,0.57046,1.24569,0.00067,0.00067,0.00067
102,11584.5,0.98688,0.57836,1.15088,0.93902,0.94528,0.96763,0.64799,1.21792,0.59402,1.28078,0.0006667,0.0006667,0.0006667
103,11697.7,0.98226,0.57846,1.14759,0.94633,0.93926,0.96657,0.64013,1.24423,0.59215,1.30698,0.0006634,0.0006634,0.0006634
104,11810.9,0.98264,0.57553,1.15607,0.95247,0.94497,0.97138,0.65025,1.21462,0.57363,1.26212,0.0006601,0.0006601,0.0006601
105,11924.2,0.98021,0.57641,1.15272,0.94908,0.94495,0.97211,0.65351,1.17995,0.56705,1.23151,0.0006568,0.0006568,0.0006568
106,12037.4,0.97607,0.57477,1.14674,0.94647,0.94635,0.97409,0.64676,1.2065,0.57367,1.27066,0.0006535,0.0006535,0.0006535
107,12150.7,0.97432,0.56963,1.14794,0.93626,0.95417,0.96825,0.64716,1.19365,0.57851,1.25649,0.0006502,0.0006502,0.0006502
108,12264.3,0.96889,0.56869,1.13857,0.94889,0.95118,0.97276,0.65474,1.20962,0.57459,1.26403,0.0006469,0.0006469,0.0006469
109,12377.8,0.96677,0.56649,1.14165,0.94258,0.95192,0.96935,0.6512,1.20878,0.56423,1.2639,0.0006436,0.0006436,0.0006436
110,12491.2,0.98151,0.57584,1.14334,0.94519,0.95455,0.97558,0.66376,1.16697,0.55526,1.23523,0.0006403,0.0006403,0.0006403
111,12604.6,0.95084,0.55661,1.13203,0.94366,0.94775,0.97305,0.65285,1.205,0.56517,1.26667,0.000637,0.000637,0.000637
112,12717.9,0.97823,0.56281,1.13896,0.94067,0.95538,0.97374,0.66178,1.18681,0.56141,1.24636,0.0006337,0.0006337,0.0006337
113,12831.4,0.96567,0.56491,1.13942,0.95765,0.94052,0.97274,0.66896,1.17654,0.56134,1.23393,0.0006304,0.0006304,0.0006304
114,12944.6,0.96457,0.56511,1.13496,0.95561,0.93836,0.97368,0.65405,1.19927,0.56999,1.25882,0.0006271,0.0006271,0.0006271
115,13057.8,0.96871,0.56742,1.14018,0.95328,0.95368,0.97219,0.65521,1.20983,0.56222,1.28301,0.0006238,0.0006238,0.0006238
116,13171,0.95512,0.55105,1.13127,0.95306,0.95203,0.97121,0.65127,1.20721,0.56299,1.27945,0.0006205,0.0006205,0.0006205
117,13283.9,0.95323,0.54455,1.13454,0.96418,0.93957,0.97276,0.66444,1.18569,0.54942,1.25784,0.0006172,0.0006172,0.0006172
118,13396.8,0.95227,0.55206,1.12887,0.96089,0.94324,0.9685,0.64928,1.23166,0.5629,1.29872,0.0006139,0.0006139,0.0006139
119,13510.1,0.97303,0.56657,1.133,0.95459,0.94557,0.96929,0.65213,1.20443,0.55416,1.28159,0.0006106,0.0006106,0.0006106
120,13623.4,0.9508,0.5533,1.13269,0.95561,0.94158,0.96977,0.6646,1.17982,0.55596,1.24786,0.0006073,0.0006073,0.0006073
121,13736.7,0.95424,0.55158,1.1384,0.95564,0.93962,0.96936,0.65033,1.20614,0.56719,1.26195,0.000604,0.000604,0.000604
122,13850.2,0.94459,0.54023,1.11539,0.9469,0.95038,0.96821,0.64856,1.20209,0.55697,1.28652,0.0006007,0.0006007,0.0006007
123,13963.6,0.95497,0.54852,1.12817,0.94984,0.95231,0.974,0.65906,1.17888,0.55164,1.25159,0.0005974,0.0005974,0.0005974
124,14076.6,0.94275,0.5446,1.12686,0.95507,0.94882,0.96965,0.65038,1.20996,0.56023,1.27692,0.0005941,0.0005941,0.0005941
125,14189.6,0.93777,0.54799,1.11947,0.95019,0.94974,0.97329,0.65367,1.19666,0.55152,1.26088,0.0005908,0.0005908,0.0005908
126,14303.1,0.95294,0.54955,1.12902,0.95805,0.94337,0.97281,0.66081,1.18267,0.54878,1.2527,0.0005875,0.0005875,0.0005875
127,14416.5,0.94109,0.53835,1.1214,0.95782,0.93973,0.97337,0.65006,1.20043,0.55704,1.27241,0.0005842,0.0005842,0.0005842
128,14530,0.95036,0.53686,1.11969,0.96807,0.93724,0.9738,0.64571,1.22033,0.56463,1.30174,0.0005809,0.0005809,0.0005809
129,14643.5,0.92704,0.53854,1.11213,0.95311,0.93763,0.97205,0.65864,1.18316,0.56927,1.26182,0.0005776,0.0005776,0.0005776
130,14756.8,0.93147,0.5402,1.12321,0.96136,0.93591,0.9718,0.65673,1.21554,0.56121,1.2837,0.0005743,0.0005743,0.0005743
131,14870.2,0.94749,0.53813,1.12063,0.96346,0.94101,0.97394,0.65237,1.21703,0.56403,1.28364,0.000571,0.000571,0.000571
132,14983.6,0.9385,0.54265,1.11747,0.95395,0.94118,0.9729,0.65812,1.19575,0.56309,1.27308,0.0005677,0.0005677,0.0005677
133,15097.1,0.9264,0.53479,1.11182,0.95258,0.94276,0.96908,0.65424,1.20185,0.56158,1.28225,0.0005644,0.0005644,0.0005644
134,15210.7,0.93331,0.54357,1.1171,0.95525,0.94481,0.97423,0.6618,1.17933,0.54766,1.26833,0.0005611,0.0005611,0.0005611
135,15324.2,0.92335,0.53221,1.11434,0.94954,0.94551,0.96878,0.6596,1.17579,0.55133,1.25011,0.0005578,0.0005578,0.0005578
136,15437.5,0.93201,0.53548,1.11576,0.94095,0.94207,0.96758,0.64683,1.20367,0.57169,1.27692,0.0005545,0.0005545,0.0005545
137,15550.8,0.91875,0.53128,1.11504,0.95088,0.94456,0.9732,0.65718,1.19846,0.55229,1.2725,0.0005512,0.0005512,0.0005512
138,15664.3,0.90882,0.52886,1.10868,0.93837,0.95435,0.97096,0.65764,1.19243,0.54634,1.27556,0.0005479,0.0005479,0.0005479
139,15777.8,0.90954,0.52044,1.09792,0.94376,0.96232,0.97449,0.65801,1.20027,0.54135,1.27255,0.0005446,0.0005446,0.0005446
140,15891.2,0.92008,0.5318,1.09673,0.95003,0.94536,0.97546,0.66427,1.19346,0.54736,1.26826,0.0005413,0.0005413,0.0005413
141,16004.7,0.91971,0.53153,1.09832,0.96354,0.94801,0.97627,0.66292,1.17792,0.52969,1.25366,0.000538,0.000538,0.000538
142,16118,0.92707,0.5313,1.11855,0.95439,0.94839,0.97275,0.64795,1.22542,0.54925,1.30701,0.0005347,0.0005347,0.0005347
143,16231.3,0.92831,0.53241,1.11416,0.95931,0.93811,0.97062,0.64322,1.2214,0.55532,1.29818,0.0005314,0.0005314,0.0005314
144,16344.7,0.92776,0.52472,1.11592,0.94171,0.9599,0.97473,0.65655,1.20315,0.54431,1.27182,0.0005281,0.0005281,0.0005281
145,16458.1,0.92015,0.53314,1.11145,0.96555,0.94947,0.97737,0.66365,1.19006,0.54152,1.26765,0.0005248,0.0005248,0.0005248
146,16571.2,0.92083,0.5186,1.11161,0.94686,0.9609,0.97585,0.66628,1.1878,0.53749,1.26743,0.0005215,0.0005215,0.0005215
147,16684.5,0.89004,0.5078,1.08757,0.95295,0.95037,0.97241,0.65484,1.20012,0.55472,1.27257,0.0005182,0.0005182,0.0005182
148,16797.7,0.90755,0.52177,1.09567,0.96238,0.94677,0.97697,0.66269,1.18944,0.53469,1.27212,0.0005149,0.0005149,0.0005149
149,16911,0.90341,0.51457,1.09261,0.94689,0.95401,0.97597,0.66614,1.18781,0.5368,1.26126,0.0005116,0.0005116,0.0005116
150,17024.6,0.89578,0.51681,1.09402,0.96357,0.94619,0.97586,0.65469,1.20349,0.53996,1.27719,0.0005083,0.0005083,0.0005083
151,17138.1,0.90419,0.51565,1.09771,0.95754,0.95419,0.97795,0.66117,1.19824,0.52525,1.28568,0.000505,0.000505,0.000505
152,17251.6,0.89577,0.51187,1.09295,0.95024,0.95987,0.9768,0.66549,1.19754,0.53459,1.27699,0.0005017,0.0005017,0.0005017
153,17364.8,0.89835,0.51138,1.0888,0.96139,0.94784,0.97415,0.66364,1.18879,0.53731,1.26009,0.0004984,0.0004984,0.0004984
154,17478.4,0.88312,0.50451,1.08384,0.95371,0.9629,0.97763,0.66891,1.17423,0.5339,1.26108,0.0004951,0.0004951,0.0004951
155,17591.6,0.88817,0.50211,1.09059,0.94922,0.96027,0.97607,0.65874,1.19338,0.54055,1.27461,0.0004918,0.0004918,0.0004918
156,17704.6,0.88626,0.5033,1.08806,0.9568,0.9611,0.97763,0.65943,1.19463,0.52959,1.27425,0.0004885,0.0004885,0.0004885
157,17818.2,0.90195,0.51496,1.09674,0.95071,0.96106,0.97728,0.66842,1.18083,0.53257,1.25918,0.0004852,0.0004852,0.0004852
158,17931.4,0.88938,0.51246,1.09297,0.94929,0.95531,0.97324,0.66063,1.19123,0.53756,1.2803,0.0004819,0.0004819,0.0004819
159,18044.6,0.90466,0.51121,1.09502,0.95307,0.95589,0.97588,0.6635,1.18073,0.5307,1.26497,0.0004786,0.0004786,0.0004786
160,18158.1,0.88873,0.49749,1.08336,0.95537,0.95547,0.97599,0.66836,1.18511,0.52532,1.25853,0.0004753,0.0004753,0.0004753
161,18271.5,0.87405,0.49555,1.07835,0.95454,0.95508,0.97555,0.67059,1.16895,0.52732,1.24487,0.000472,0.000472,0.000472
162,18385,0.88801,0.50757,1.0858,0.94909,0.95371,0.9768,0.6679,1.168,0.52743,1.23772,0.0004687,0.0004687,0.0004687
163,18498.1,0.87884,0.4966,1.07771,0.95639,0.94966,0.97316,0.65898,1.19177,0.5378,1.275,0.0004654,0.0004654,0.0004654
164,18611.3,0.87524,0.49509,1.08855,0.96023,0.94395,0.97656,0.67207,1.17593,0.53077,1.25963,0.0004621,0.0004621,0.0004621
165,18724.7,0.88071,0.49493,1.07836,0.95796,0.94769,0.97399,0.6699,1.1851,0.53503,1.2632,0.0004588,0.0004588,0.0004588
166,18838.1,0.86722,0.4953,1.06772,0.94468,0.95309,0.97251,0.66173,1.18128,0.53285,1.261,0.0004555,0.0004555,0.0004555
167,18951.6,0.88084,0.5024,1.08174,0.94879,0.95686,0.97309,0.6617,1.19479,0.53362,1.27567,0.0004522,0.0004522,0.0004522
168,19064.8,0.86936,0.49266,1.07754,0.95247,0.95087,0.97565,0.65729,1.20455,0.54584,1.2952,0.0004489,0.0004489,0.0004489
169,19178,0.87775,0.49425,1.07697,0.95754,0.94589,0.97462,0.66234,1.18492,0.53809,1.26743,0.0004456,0.0004456,0.0004456
170,19291.3,0.86146,0.49083,1.07051,0.95079,0.95656,0.97601,0.67136,1.16447,0.52873,1.25444,0.0004423,0.0004423,0.0004423
171,19404.6,0.88112,0.50032,1.0819,0.9622,0.94976,0.97865,0.67038,1.17156,0.5274,1.25445,0.000439,0.000439,0.000439
172,19517.9,0.85112,0.4836,1.07065,0.95012,0.95266,0.97659,0.67249,1.17005,0.53044,1.25234,0.0004357,0.0004357,0.0004357
173,19631.4,0.86908,0.48956,1.07057,0.96151,0.94617,0.97539,0.6694,1.16845,0.53286,1.24963,0.0004324,0.0004324,0.0004324
174,19745,0.85751,0.48793,1.07285,0.94969,0.95988,0.97767,0.6671,1.18133,0.52874,1.25941,0.0004291,0.0004291,0.0004291
175,19858.1,0.8688,0.4885,1.07246,0.95856,0.95429,0.97734,0.66591,1.17902,0.53477,1.26477,0.0004258,0.0004258,0.0004258
176,19971.3,0.87344,0.49484,1.07328,0.95382,0.95394,0.97622,0.66037,1.18482,0.53316,1.281,0.0004225,0.0004225,0.0004225
177,20084.7,0.86645,0.49281,1.07917,0.95773,0.95025,0.97783,0.66287,1.18402,0.53316,1.2792,0.0004192,0.0004192,0.0004192
178,20198,0.86087,0.48513,1.06967,0.95022,0.95499,0.9786,0.67029,1.17576,0.52772,1.26487,0.0004159,0.0004159,0.0004159
179,20311.6,0.86138,0.48879,1.06773,0.96236,0.94128,0.97577,0.66509,1.18422,0.53543,1.27625,0.0004126,0.0004126,0.0004126
180,20425,0.86193,0.48636,1.06684,0.96711,0.94507,0.97759,0.67156,1.17469,0.52803,1.26534,0.0004093,0.0004093,0.0004093
181,20538,0.85683,0.4802,1.06664,0.95897,0.95444,0.97672,0.66668,1.18116,0.51824,1.27243,0.000406,0.000406,0.000406
182,20651.2,0.86399,0.48235,1.07266,0.95545,0.95094,0.97711,0.66942,1.1798,0.53117,1.26887,0.0004027,0.0004027,0.0004027
183,20764.5,0.8647,0.48071,1.06621,0.94908,0.95999,0.97646,0.66929,1.17303,0.52702,1.252,0.0003994,0.0003994,0.0003994
184,20877.9,0.85006,0.47591,1.06609,0.95787,0.95514,0.97734,0.66766,1.17699,0.52173,1.26523,0.0003961,0.0003961,0.0003961
185,20991.2,0.83242,0.47197,1.05357,0.95462,0.95788,0.97734,0.66556,1.17839,0.5222,1.27336,0.0003928,0.0003928,0.0003928
186,21104.6,0.8542,0.4743,1.06862,0.96021,0.95275,0.97616,0.67058,1.16974,0.52355,1.26398,0.0003895,0.0003895,0.0003895
187,21217.8,0.84233,0.47393,1.05181,0.95713,0.95409,0.97738,0.66922,1.17095,0.52469,1.26157,0.0003862,0.0003862,0.0003862
188,21331,0.85087,0.47325,1.06714,0.95783,0.95188,0.97775,0.67163,1.17716,0.52489,1.27736,0.0003829,0.0003829,0.0003829
189,21444.2,0.83766,0.47522,1.0624,0.96022,0.94627,0.97624,0.67125,1.17655,0.52899,1.27106,0.0003796,0.0003796,0.0003796
190,21557.3,0.84311,0.47471,1.06279,0.95958,0.94634,0.97583,0.67197,1.17163,0.52126,1.25858,0.0003763,0.0003763,0.0003763
191,21670.4,0.84399,0.47093,1.06423,0.96168,0.94888,0.97717,0.67069,1.17525,0.52517,1.26616,0.000373,0.000373,0.000373
192,21784.2,0.83497,0.4688,1.0541,0.94997,0.96035,0.97386,0.66635,1.18244,0.52769,1.27763,0.0003697,0.0003697,0.0003697
193,21897.4,0.85056,0.47389,1.05932,0.96247,0.94515,0.97574,0.67041,1.17988,0.52846,1.2642,0.0003664,0.0003664,0.0003664
194,22010.7,0.84275,0.48191,1.07006,0.954,0.95492,0.97759,0.66603,1.18781,0.52596,1.28377,0.0003631,0.0003631,0.0003631
195,22123.7,0.83566,0.46851,1.053,0.95775,0.95235,0.97728,0.66837,1.17523,0.52086,1.27123,0.0003598,0.0003598,0.0003598
196,22237.4,0.83146,0.46315,1.05141,0.95998,0.94634,0.97772,0.66703,1.18241,0.52578,1.27851,0.0003565,0.0003565,0.0003565
197,22350.6,0.85397,0.47448,1.0651,0.96455,0.94532,0.97915,0.66724,1.18365,0.53113,1.28244,0.0003532,0.0003532,0.0003532
198,22464.3,0.82188,0.46057,1.04272,0.96265,0.94543,0.97681,0.66871,1.18282,0.52433,1.28383,0.0003499,0.0003499,0.0003499
199,22577.6,0.82892,0.46742,1.05546,0.9586,0.95588,0.97898,0.66654,1.19012,0.52095,1.28326,0.0003466,0.0003466,0.0003466
200,22691.2,0.82442,0.457,1.04119,0.96528,0.94713,0.97926,0.66905,1.19358,0.51537,1.286,0.0003433,0.0003433,0.0003433
201,22804.3,0.82917,0.46262,1.04932,0.95431,0.96243,0.97982,0.67307,1.18247,0.51834,1.26855,0.00034,0.00034,0.00034
202,22917.4,0.82985,0.47086,1.057,0.96287,0.95038,0.97881,0.67351,1.1767,0.51598,1.26962,0.0003367,0.0003367,0.0003367
203,23031.2,0.82409,0.47013,1.04605,0.9633,0.94985,0.97967,0.67134,1.18065,0.51741,1.27233,0.0003334,0.0003334,0.0003334
204,23144.5,0.83012,0.46509,1.05651,0.96044,0.95763,0.97786,0.67145,1.18063,0.52011,1.28287,0.0003301,0.0003301,0.0003301
205,23258.3,0.82082,0.45068,1.03976,0.94924,0.95694,0.97765,0.66896,1.17943,0.51786,1.27911,0.0003268,0.0003268,0.0003268
206,23371.4,0.82298,0.45862,1.0549,0.95649,0.95112,0.97915,0.67199,1.17491,0.51741,1.26833,0.0003235,0.0003235,0.0003235
207,23484.7,0.8267,0.46381,1.04572,0.96592,0.94833,0.98059,0.67325,1.17705,0.51631,1.27081,0.0003202,0.0003202,0.0003202
208,23597.8,0.809,0.45527,1.04682,0.96657,0.9441,0.97992,0.67737,1.16238,0.51144,1.26301,0.0003169,0.0003169,0.0003169
209,23711.1,0.82274,0.45711,1.04753,0.95373,0.96072,0.98065,0.67913,1.16329,0.51371,1.25766,0.0003136,0.0003136,0.0003136
210,23824.4,0.81179,0.45892,1.04691,0.96037,0.95343,0.97942,0.6734,1.17345,0.51889,1.26643,0.0003103,0.0003103,0.0003103
211,23937.9,0.81476,0.45398,1.04494,0.95881,0.95459,0.97978,0.67446,1.17301,0.51968,1.26755,0.000307,0.000307,0.000307
212,24051.1,0.82706,0.45755,1.05545,0.95582,0.95897,0.97927,0.67435,1.17767,0.51938,1.27137,0.0003037,0.0003037,0.0003037
213,24164.4,0.82099,0.45479,1.04314,0.95538,0.95869,0.97989,0.67547,1.16969,0.51974,1.2626,0.0003004,0.0003004,0.0003004
214,24277.5,0.80861,0.45221,1.03888,0.95844,0.95231,0.97863,0.67434,1.17512,0.52271,1.26514,0.0002971,0.0002971,0.0002971
215,24391.2,0.7983,0.45251,1.03228,0.95435,0.95564,0.97789,0.67226,1.17631,0.52255,1.27314,0.0002938,0.0002938,0.0002938
216,24505,0.80906,0.45043,1.04321,0.96243,0.95026,0.98008,0.67439,1.17498,0.51902,1.27208,0.0002905,0.0002905,0.0002905
217,24618.2,0.8074,0.44903,1.03602,0.95732,0.95207,0.97873,0.67446,1.17556,0.51883,1.27296,0.0002872,0.0002872,0.0002872
218,24731.7,0.81276,0.4601,1.0412,0.96177,0.94381,0.97724,0.67596,1.17537,0.52251,1.2726,0.0002839,0.0002839,0.0002839
219,24845.1,0.8057,0.45069,1.04052,0.96237,0.95248,0.9787,0.67683,1.16782,0.51822,1.27019,0.0002806,0.0002806,0.0002806
220,24958.3,0.79081,0.44532,1.0331,0.96607,0.94462,0.9792,0.68122,1.16841,0.51365,1.26517,0.0002773,0.0002773,0.0002773
221,25071.8,0.80658,0.44574,1.03614,0.9453,0.96013,0.97666,0.67742,1.17324,0.51614,1.27008,0.000274,0.000274,0.000274
222,25185,0.79471,0.44173,1.0338,0.94747,0.95728,0.97655,0.67688,1.17844,0.51704,1.27977,0.0002707,0.0002707,0.0002707
223,25298.1,0.80145,0.44291,1.03438,0.95169,0.95472,0.97614,0.67412,1.18146,0.5191,1.28886,0.0002674,0.0002674,0.0002674
224,25411.3,0.79945,0.45076,1.03231,0.95223,0.95695,0.9775,0.67345,1.17776,0.51844,1.28164,0.0002641,0.0002641,0.0002641
225,25524.8,0.79793,0.44236,1.03128,0.95264,0.95503,0.9777,0.67273,1.17547,0.51909,1.2758,0.0002608,0.0002608,0.0002608
226,25638.2,0.79728,0.44444,1.03117,0.95735,0.9512,0.97705,0.67098,1.17296,0.51623,1.27962,0.0002575,0.0002575,0.0002575
227,25751.5,0.79797,0.43913,1.03355,0.95584,0.95322,0.97782,0.67275,1.17432,0.51856,1.28461,0.0002542,0.0002542,0.0002542
228,25865.2,0.80956,0.44611,1.03642,0.94983,0.96066,0.97852,0.67664,1.16734,0.51351,1.27359,0.0002509,0.0002509,0.0002509
229,25978.5,0.77524,0.43197,1.02342,0.95405,0.95297,0.97763,0.67554,1.17019,0.5142,1.27566,0.0002476,0.0002476,0.0002476
230,26091.9,0.79264,0.44168,1.02217,0.95606,0.95591,0.97823,0.67398,1.17049,0.51388,1.27452,0.0002443,0.0002443,0.0002443
231,26205.1,0.78834,0.43677,1.02278,0.95907,0.95278,0.97924,0.6755,1.16898,0.5124,1.27131,0.000241,0.000241,0.000241
232,26318.6,0.79248,0.44352,1.03186,0.96102,0.95365,0.9793,0.67779,1.16858,0.50969,1.27131,0.0002377,0.0002377,0.0002377
233,26432.4,0.78574,0.43015,1.0246,0.96207,0.95112,0.97843,0.67362,1.17225,0.51153,1.27809,0.0002344,0.0002344,0.0002344
234,26545.9,0.77694,0.43051,1.01699,0.96333,0.9548,0.97964,0.67738,1.16918,0.5066,1.27529,0.0002311,0.0002311,0.0002311
235,26659.4,0.78528,0.44111,1.02422,0.96347,0.95544,0.97961,0.67986,1.16725,0.50603,1.27312,0.0002278,0.0002278,0.0002278
236,26773.1,0.7885,0.44029,1.02584,0.96118,0.95529,0.97922,0.67843,1.16549,0.50524,1.26624,0.0002245,0.0002245,0.0002245
237,26886.6,0.77858,0.42827,1.02469,0.96338,0.95335,0.9793,0.67955,1.16351,0.50736,1.26227,0.0002212,0.0002212,0.0002212
238,27000.1,0.77846,0.43618,1.02671,0.96095,0.95752,0.97993,0.6767,1.17083,0.50987,1.27426,0.0002179,0.0002179,0.0002179
239,27113.6,0.77909,0.42823,1.02201,0.96396,0.95408,0.97948,0.67864,1.16978,0.51118,1.27583,0.0002146,0.0002146,0.0002146
240,27226.8,0.77538,0.4312,1.01501,0.96434,0.95609,0.97879,0.67917,1.17306,0.51142,1.28281,0.0002113,0.0002113,0.0002113
241,27339.9,0.78362,0.4321,1.02229,0.96531,0.95152,0.97824,0.67981,1.16757,0.51006,1.27721,0.000208,0.000208,0.000208
242,27453.4,0.78024,0.43203,1.02308,0.96548,0.95152,0.97825,0.68045,1.16647,0.50796,1.28011,0.0002047,0.0002047,0.0002047
243,27566.7,0.77609,0.43223,1.0171,0.96548,0.95489,0.97853,0.67963,1.16127,0.50468,1.27271,0.0002014,0.0002014,0.0002014
244,27680.5,0.77944,0.43598,1.01818,0.96429,0.95213,0.97914,0.68001,1.16094,0.50646,1.27309,0.0001981,0.0001981,0.0001981
245,27793.7,0.77221,0.43435,1.01978,0.96714,0.94758,0.97912,0.67823,1.16895,0.5104,1.28306,0.0001948,0.0001948,0.0001948
246,27906.9,0.77104,0.425,1.01999,0.95752,0.95328,0.9787,0.67941,1.16674,0.51322,1.27706,0.0001915,0.0001915,0.0001915
247,28020.1,0.77048,0.42818,1.01591,0.95851,0.95407,0.97897,0.67863,1.16539,0.51354,1.27681,0.0001882,0.0001882,0.0001882
248,28133.5,0.77157,0.42612,1.01669,0.95653,0.95508,0.97861,0.6779,1.17264,0.5136,1.28743,0.0001849,0.0001849,0.0001849
249,28247,0.77259,0.42793,1.01556,0.95808,0.95384,0.97884,0.67753,1.17122,0.51319,1.2879,0.0001816,0.0001816,0.0001816
250,28360.3,0.76137,0.42497,1.01518,0.95953,0.95529,0.97905,0.67945,1.17097,0.51429,1.28341,0.0001783,0.0001783,0.0001783
251,28473.5,0.77774,0.42675,1.0197,0.96006,0.95599,0.97894,0.67701,1.17151,0.51462,1.28297,0.000175,0.000175,0.000175
252,28586.7,0.77171,0.43302,1.02033,0.95766,0.95956,0.97899,0.67706,1.17378,0.51516,1.28434,0.0001717,0.0001717,0.0001717
253,28700.1,0.76628,0.42224,1.01901,0.95821,0.95585,0.97848,0.67839,1.17305,0.51794,1.28288,0.0001684,0.0001684,0.0001684
254,28813.4,0.76729,0.42609,1.01241,0.95564,0.95895,0.97835,0.67874,1.17438,0.519,1.2852,0.0001651,0.0001651,0.0001651
255,28926.6,0.77731,0.42131,1.01906,0.95654,0.95725,0.97859,0.68162,1.16912,0.51635,1.27994,0.0001618,0.0001618,0.0001618
256,29039.9,0.76466,0.43302,1.02391,0.95989,0.95725,0.9785,0.67878,1.17286,0.51532,1.28367,0.0001585,0.0001585,0.0001585
257,29153.2,0.7581,0.42894,1.01579,0.96008,0.95725,0.97857,0.67636,1.17745,0.51683,1.28682,0.0001552,0.0001552,0.0001552
258,29266.4,0.74574,0.40852,1.00139,0.96106,0.95326,0.97831,0.67648,1.17569,0.52009,1.28891,0.0001519,0.0001519,0.0001519
259,29379.6,0.76049,0.42544,1.00855,0.9618,0.95311,0.97899,0.67689,1.17515,0.51783,1.2914,0.0001486,0.0001486,0.0001486
260,29492.8,0.75634,0.41832,1.02081,0.96297,0.95415,0.979,0.67663,1.18039,0.51659,1.29856,0.0001453,0.0001453,0.0001453
261,29606,0.76424,0.42473,1.01037,0.96001,0.95611,0.97925,0.67633,1.17925,0.51335,1.29884,0.000142,0.000142,0.000142
262,29719.3,0.75282,0.42319,1.01194,0.96516,0.95725,0.97939,0.67481,1.17733,0.51429,1.3002,0.0001387,0.0001387,0.0001387
263,29832.7,0.76655,0.42545,1.0097,0.9591,0.9587,0.97925,0.67695,1.17639,0.51524,1.2988,0.0001354,0.0001354,0.0001354
264,29945.7,0.74562,0.41597,1.00846,0.96246,0.95412,0.97927,0.67987,1.17805,0.51571,1.30004,0.0001321,0.0001321,0.0001321
265,30058.9,0.75267,0.41448,1.00678,0.95661,0.95574,0.97937,0.68156,1.17392,0.51617,1.29555,0.0001288,0.0001288,0.0001288
266,30172.2,0.75885,0.42288,1.01741,0.95841,0.95523,0.97935,0.68281,1.17205,0.51633,1.29285,0.0001255,0.0001255,0.0001255
267,30285.7,0.75865,0.41659,1.01286,0.95687,0.95651,0.97926,0.67938,1.17215,0.51634,1.2963,0.0001222,0.0001222,0.0001222
268,30399.3,0.74754,0.42041,1.01419,0.95574,0.95846,0.97918,0.6801,1.17321,0.51749,1.29806,0.0001189,0.0001189,0.0001189
269,30512.8,0.74615,0.41639,1.0023,0.95693,0.95732,0.97911,0.67953,1.17242,0.51884,1.29472,0.0001156,0.0001156,0.0001156
270,30626.2,0.7509,0.41344,1.01192,0.95067,0.96189,0.9792,0.68071,1.17232,0.51844,1.29412,0.0001123,0.0001123,0.0001123
271,30739.5,0.74428,0.41486,1.00081,0.95561,0.95468,0.97773,0.68172,1.17022,0.51612,1.29219,0.000109,0.000109,0.000109
272,30852.8,0.74105,0.41353,1.00158,0.94916,0.95948,0.97737,0.68188,1.17254,0.5169,1.29563,0.0001057,0.0001057,0.0001057
273,30965.9,0.74633,0.41206,1.01445,0.95504,0.9566,0.97746,0.682,1.16924,0.51646,1.29181,0.0001024,0.0001024,0.0001024
274,31079.1,0.74847,0.41755,1.00859,0.95515,0.95901,0.97872,0.6801,1.16786,0.51461,1.2899,9.91e-05,9.91e-05,9.91e-05
275,31192.3,0.74201,0.4169,1.00264,0.9576,0.9592,0.97887,0.68315,1.16558,0.5133,1.28874,9.58e-05,9.58e-05,9.58e-05
276,31305.7,0.75118,0.41592,1.00459,0.957,0.95834,0.97843,0.68094,1.1685,0.51585,1.29328,9.25e-05,9.25e-05,9.25e-05
277,31418.9,0.75033,0.41662,1.01595,0.95655,0.95577,0.97693,0.68178,1.16525,0.51396,1.28952,8.92e-05,8.92e-05,8.92e-05
278,31532.4,0.74439,0.4109,1.00702,0.96173,0.94926,0.97705,0.6813,1.16533,0.51182,1.28933,8.59e-05,8.59e-05,8.59e-05
279,31646.1,0.74336,0.41123,1.00524,0.95884,0.95343,0.97691,0.68369,1.16216,0.51113,1.28523,8.26e-05,8.26e-05,8.26e-05
280,31759.2,0.74451,0.41434,1.00103,0.95601,0.95669,0.97838,0.68487,1.16008,0.51172,1.28451,7.93e-05,7.93e-05,7.93e-05
281,31872.6,0.74602,0.41433,1.01215,0.95434,0.95671,0.97856,0.68323,1.1595,0.50954,1.28454,7.6e-05,7.6e-05,7.6e-05
282,31985.8,0.73064,0.40719,0.99133,0.9518,0.95737,0.97836,0.6838,1.1588,0.51081,1.28505,7.27e-05,7.27e-05,7.27e-05
283,32099,0.74081,0.40267,1.0008,0.95353,0.95757,0.9785,0.68468,1.15678,0.50972,1.28195,6.94e-05,6.94e-05,6.94e-05
284,32212.3,0.73731,0.40675,1.00492,0.96928,0.94003,0.97812,0.68391,1.15811,0.51119,1.28414,6.61e-05,6.61e-05,6.61e-05
285,32325.6,0.74656,0.41741,1.00981,0.96962,0.93928,0.97796,0.68467,1.16042,0.51335,1.28598,6.28e-05,6.28e-05,6.28e-05
286,32439.2,0.73929,0.41218,1.00411,0.96972,0.93945,0.97794,0.68447,1.1612,0.51308,1.28669,5.95e-05,5.95e-05,5.95e-05
287,32552.4,0.72853,0.39794,0.99715,0.9691,0.93878,0.97691,0.68451,1.15916,0.51219,1.28468,5.62e-05,5.62e-05,5.62e-05
288,32665.8,0.7451,0.40937,1.00304,0.9673,0.93877,0.97726,0.68462,1.15764,0.5124,1.28204,5.29e-05,5.29e-05,5.29e-05
289,32779,0.72727,0.40533,0.99553,0.96665,0.94426,0.97846,0.6852,1.15823,0.51355,1.28311,4.96e-05,4.96e-05,4.96e-05
290,32892.2,0.73396,0.40204,0.99395,0.96639,0.94497,0.97851,0.68391,1.15779,0.51252,1.28193,4.63e-05,4.63e-05,4.63e-05
291,33020.6,0.68128,0.33653,0.95267,0.95451,0.95374,0.97719,0.68459,1.15866,0.5143,1.28264,4.3e-05,4.3e-05,4.3e-05
292,33134.2,0.67029,0.33221,0.94738,0.95751,0.94781,0.9773,0.68481,1.15829,0.51342,1.2836,3.97e-05,3.97e-05,3.97e-05
293,33247.6,0.66298,0.3279,0.93856,0.96177,0.94492,0.97736,0.68406,1.15942,0.51433,1.28605,3.64e-05,3.64e-05,3.64e-05
294,33360.8,0.66197,0.32669,0.9422,0.95713,0.94797,0.97729,0.68422,1.16147,0.51425,1.29015,3.31e-05,3.31e-05,3.31e-05
295,33474,0.6592,0.32583,0.94206,0.9639,0.94257,0.977,0.684,1.16338,0.51545,1.29211,2.98e-05,2.98e-05,2.98e-05
296,33587.3,0.64857,0.32249,0.93405,0.96363,0.94196,0.97588,0.68325,1.16515,0.51524,1.2953,2.65e-05,2.65e-05,2.65e-05
297,33700.7,0.65854,0.32541,0.9405,0.9617,0.94489,0.97537,0.68192,1.16662,0.51665,1.29671,2.32e-05,2.32e-05,2.32e-05
298,33814,0.65777,0.3252,0.94595,0.96389,0.94033,0.97528,0.68105,1.16699,0.51809,1.29817,1.99e-05,1.99e-05,1.99e-05
299,33927.7,0.65064,0.32424,0.93735,0.96008,0.94501,0.97569,0.68187,1.16815,0.51856,1.29953,1.66e-05,1.66e-05,1.66e-05
300,34041,0.65592,0.32372,0.94147,0.95989,0.94544,0.97576,0.68089,1.16971,0.52065,1.30143,1.33e-05,1.33e-05,1.33e-05
